NO	Company	AR	Website	Products	TYPE	Contact	Position	Email	Social	Remark	Priority	From	Note
2	深圳祺富科技发展有限公司|香港盈瑞科技发展有限公司|巨鹿贸易	CN		WD代理	IT DIST	黄蓉	Sales Manager	rong.huang@njfd.partner.onmschina.cn	13510879686		5	公司提供	
3	Converge (an ARROW company)	TW	www.converge.com		IT DIST	Kyle Jian	Sales	Kyle.Jian@converge.com	886 978626991	只对接终端	4	公司提供	
4	Converge (an ARROW company)	TW	www.converge.com		IT DIST	Jay Lin	Director	jay.lin@converge.com				公司提供	
5	Converge (an ARROW company)	SH	www.converge.com		IT DIST	Kevin Huang黄晓辉	Buyer	kevin.huang@converge.com		对接窗口	4	公司提供	
6	Converge (an ARROW company)	SH	www.converge.com	memory	IT DIST	Helen Guo郭则君	Buyer	helen.guo@converge.com	17602136389	只要kioxia crucia	4	公司提供	
7	Converge (an ARROW company)	TW	www.converge.com		IT DIST	Umi Li	Sales Manager	umi.li@converge.com			4	公司提供	
8	Converge (an ARROW company)	SG	www.converge.com		IT DIST	FZ CHAI蔡丰骏	Sales	fz.chai@converge.com	65 9678 8592		4	公司提供	
9	Arrow Asia Pac Ltd	SG			IT DIST	Natarajan (Nat) MM	Director			人脉		公司提供	
10	Converge		http://www.converge.com				Sales	1113093951@qq.com|ellendong1999 (WeChat)	1 978-538-8000			公司提供	
11	Converge		http://www.converge.com			Pavan Kumar G M	Sales	pavan.naidu@converge.com	918553119081			公司提供	
12	Converge		http://www.converge.com			Eric Checkoway	Director	eric.checkoway@converge.com	9785388157 (Wor			公司提供	
13	Converge		http://www.converge.com			Selim Chouaieb	Sales						
14	Converge		http://www.converge.com			FZ Chai	Sales	fz.chai@converge.com	65 96788592	负责IC			
15	Arrow					Florian Theisinger	Sales						
16	TW Golden flash鑫隆電子	TW	https://www.goldenflash-elec.com/	镁光，海力士需求居多|美光DRAM、DR	IT AD/franchise	Mars	Purchasing Manger	marsl@goldenflash-elec.com			8	镁光原厂官网	王培倫
17	GOLDEN FLASH ELECTRONICS (HK) 	TW		samsung sandisk tosh	IT AD/franchise	amy wang	Sales		15217769337|wxi	上海/无锡人，14人嫁到台湾，	8	镁光原厂官网	Ciel Wei
18	GOLDEN FLASH ELECTRONICS (HK) 	TW		samsung sandisk tosh	IT AD/franchise	+866-2-2798-8186（台湾）	Sales	support@goldenflash-elec.com	86-755-2692-780				
19	TBStorage					Kathy	Sales	Kathy@tbstorageglobe.com			6		
20	TBStorage					jemma	Sales						
21	Centremix|北京展创振华科技有限公司	CHINA	http://www.centremix.com/	["External Drives"]	["Distributor"]			info@centremix.com	4008981868	13826183873	8	希捷原厂官网	
22	Centremix|北京展创振华科技有限公司	CHINA	http://www.centremix.com/			王宇航		yuhang_wang@centremix.com	13826183873		8	希捷原厂官网	
23	FOSSION INTERNATIONAL逢勝國際有限公司				IT Broker			sales@fossion.com	(86)755 8379 81	fossion被bossion	9	推荐	重点链接关键人
24	Golden Chips Technology Limite		http://goldenchipstech.com/plus/list.php?tid=13	intel, samsung, micr	IT Broker	8613476785338		liyawong@goldenchipstech.com	15914113153	JWY TF	7	推荐	
25	SSF				IT Broker	Liya Wong		sales@ssf-asia.com		和Golden Chips是一			
26	E-point & Fullhome		https://www.e-point.com.hk/en/index.aspx	ssd, ram	IT AD/franchise	755-22387990		|johnny@fullhome.com.hk					
27	E-point (H.K.) Limited翊力(香港)有限				IT AD/franchise	+852 27502288		Johnny@e-point.com.hk					
28	LEADRAM TECHNOLOGY GROUP LTD超联		http://www.leadram.com	sk中国区总代，业绩最好	IT AD/franchise	+86-755-8383-9186|（8		sales@leadram.com|fae@leadram.com					
29	S.A.S. ELECTRONIC CO., LTD. Ho		http://www.sasdragon.com.hk	sk, toshiba	IT AD/franchise	+852-3892-2888|86-75		marketing@sasdragon.com.cn					
30	SMartech Electronic Co., Ltd. 		https://www.sasdragon.com.hk/article.php?AId=3		IT AD/franchise	+86-21-5417-7230		david@smartechelec.com					
31	SMartech Electronic Co., Ltd. 		http://www.sasdragon.com.hk		IT AD/franchise	+86-755-8826-2660		david@smartechelec.com					
32	Weikeng International Company 	中国	https://www.weikeng.com.cn/	micron, sandisk, AMD	IT AD/franchise	(86) 755-82943322-30	Sales	micron_sales@weikeng.com.cn					
33	Weikeng International Company 	中国	https://www.weikeng.com.cn/	micron, sandisk, AMD	IT AD/franchise	李和键	Sales						
34	Weikeng International Company 	中国	https://www.weikeng.com.cn/	micron, sandisk, AMD	IT AD/franchise	刘一铭	Sales						
35	Weikeng International Company 	中国	https://www.weikeng.com.cn/	micron, sandisk, AMD	IT AD/franchise	Terry Zhang	Sales						
36	World Peace Industrial Co., Lt	台湾	http://www.wpgholdings.com/wpig/index/zhtw	kioxia, toshiba, bro	IT AD/franchise	886-2-27885200	Sales	marcom@wpi-group.com					
37	World Peace Industrial Co., Lt	台湾	http://www.wpgholdings.com/wpig/index/zhtw	kioxia, toshiba, bro	IT AD/franchise	(852) 2365 4860	Sales	marcom@wpi-group.com					
38	World Peace Industrial Co., Lt	台湾	http://www.wpgholdings.com/wpig/index/zhtw	kioxia, toshiba, bro	IT AD/franchise	Allen Chen	Product Manager						
39	World Peace Industrial Co., Lt	台湾	http://www.wpgholdings.com/wpig/index/zhtw	kioxia, toshiba, bro	IT AD/franchise	張介騰	Sales						
40	World Peace Industrial Co., Lt	台湾	http://www.wpgholdings.com/wpig/index/zhtw	kioxia, toshiba, bro	IT AD/franchise	WeiHan Lee	Sales						
41	World Peace Industrial Co., Lt	台湾	http://www.wpgholdings.com/wpig/index/zhtw	kioxia, toshiba, bro	IT AD/franchise	Yuan-Ting Cha	Sales						
42	World Peace Industrial Co., Lt	台湾	http://www.wpgholdings.com/wpig/index/zhtw	kioxia, toshiba, bro	IT AD/franchise	Chien-Wei Tse	Sales						
43	WT Microelectronics文曄科技(股)公司	中国	http://www.wtmec.com/English/index.htm	Intel, Micron+IC为主	IT AD/franchise	(86) 755 2674 3880	Sales	jason.ruan@wtmec.com					
44	WT Microelectronics文曄科技(股)公司	中国	http://www.wtmec.com/English/index.htm	Intel, Micron+IC为主	IT AD/franchise	Albert Ghee	Director						
45	WT Microelectronics文曄科技(股)公司	中国	http://www.wtmec.com/English/index.htm	Intel, Micron+IC为主	IT AD/franchise	Zech Chen	Sales						
46	WT Microelectronics文曄科技(股)公司	中国	http://www.wtmec.com/English/index.htm	Intel, Micron+IC为主	IT AD/franchise	WT Vincent Chiang	Sales						
47	WuHan ChaoXun Technology Co.,L	武汉	https://www.cxun.cn/h-col-147.html		IT MFG+AD	(86) 027-87851070		139007801@qq.com					
48	WuHan ChaoXun Technology Co.,L	武汉	https://www.cxun.cn/h-col-147.html		IT MFG+AD	邢 凯		139007406@qq.com	18627869258	只能做含税			
49	WuHan ChaoXun Technology Co.,L	武汉	https://www.cxun.cn/h-col-147.html		IT MFG+AD	毛明勇			13016478381				
50	ShenZhen Yishikong Technology 	China	http://www.yishikong.com.cn/		Solution provider			syy@yishikong.com.cn	13823704587				
51	ShenZhen Xing Hong Technology 	China	http://www.xinghongwy.com/category.aspx?NodeID=86&siteid=27546		Solution provider	0755-89348934/4000-6		sz_supermicro@xinghongwy.com		电话前台推荐采购、销售			
52	Shenzhen Hao Yuan Technology C	China	http://www.hynx.com.cn/		IT AD/franchise			houyang@hynx.com.cn					
53	POLYGON TECHNOLOGY LIMITED|香港宝	Hong Kong	http://www.polygon-hk.com		IT AD/franchise	Fanny Sham	Sales		fanny831366				
54	成都正特伟业电子有限公司 周文娟 13540837245|深					周文娟			13540837245	海诚提供的贸易参考			